Book Id,Title,Author,Author l-f,Additional Authors,ISBN,ISBN13,My Rating,Average Rating,Publisher,Binding,Number of Pages,Year Published,Original Publication Year,Date Read,Date Added,Bookshelves,Bookshelves with positions,Exclusive Shelf,My Review,Spoiler,Private Notes,Read Count,Owned Copies
54870256,There Is No Antimemetics Division,qntm,"qntm, qntm",Sam  Hughes,"=""""","=""""",5,4.16,,Kindle Edition,220,2020,2020,2025/10/26,2025/10/26,,,read,"Very cool, very interesting, very weird.",,,1,0
173338910,"Waybound (Cradle, #12)",Will Wight,"Wight, Will",,"=""""","=""""",0,4.62,Hidden Gnome Publishing,Kindle Edition,518,2023,2023,2025/10/23,2025/10/23,,,read,,,,1,0
59515764,"Dreadgod (Cradle, #11)",Will Wight,"Wight, Will",,"=""""","=""""",0,4.62,Hidden Gnome Publishing,Kindle Edition,464,2022,2022,2025/10/23,2025/10/23,,,read,,,,1,0
57640065,"Reaper (Cradle, #10)",Will Wight,"Wight, Will",,"=""""","=""""",0,4.66,Hidden Gnome Publishing,Kindle Edition,465,2021,2021,2025/10/23,2025/10/23,,,read,,,,1,0
55595995,"Bloodline (Cradle, #9)",Will Wight,"Wight, Will",,"=""""","=""""",0,4.50,Hidden Gnome Publishing,Kindle Edition,378,2021,2021,2025/10/15,2025/10/15,,,read,,,,1,0
50789354,"Uncrowned (Cradle, #7)",Will Wight,"Wight, Will",,"=""""","=""""",0,4.57,Hidden Gnome Publishing,Kindle Edition,336,2019,2019,2025/10/15,2025/10/15,,,read,,,,1,0
55423083,"Wintersteel (Cradle, #8)",Will Wight,"Wight, Will",,"=""""","=""""",0,4.68,Hidden Gnome Publishing,Paperback,540,2020,2020,2025/10/09,2025/10/09,,,read,,,,1,0
43895031,"Underlord (Cradle, #6)",Will Wight,"Wight, Will",,"=""""","=""""",0,4.61,Hidden Gnome Publishing,Kindle Edition,400,2019,2019,2025/10/08,2025/10/08,,,read,,,,1,0
40280403,"Ghostwater (Cradle, #5)",Will Wight,"Wight, Will",,"=""""","=""""",0,4.55,Hidden Gnome Publishing,Kindle Edition,310,2018,2018,2025/10/07,2025/10/07,,,read,,,,1,0
36332410,"Skysworn (Cradle, #4)",Will Wight,"Wight, Will",,"=""""","=""""",0,4.38,Hidden Gnome Publishing,Kindle Edition,292,2017,2017,2025/10/07,2025/10/07,,,read,,,,1,0
35023786,"Blackflame (Cradle, #3)",Will Wight,"Wight, Will",,"=""""","=""""",0,4.50,Hidden Gnome Publishing,Kindle Edition,370,2017,2017,2025/10/07,2025/10/07,,,read,,,,1,0
32283608,"Soulsmith (Cradle, #2)",Will Wight,"Wight, Will",,"=""""","=""""",0,4.32,Hidden Gnome Publishing,Kindle Edition,284,2016,2016,2025/10/07,2025/10/07,,,read,,,,1,0
30558257,"Unsouled (Cradle, #1)",Will Wight,"Wight, Will",,"=""""","=""""",0,4.14,Hidden Gnome Publishing,Kindle Edition,294,2016,2016,2025/10/03,2025/10/03,,,read,,,,1,0
150779155,"The Invention of Prehistory: Empire, Violence, and Our Obsession with Human Origins",Stefanos Geroulanos,"Geroulanos, Stefanos",,"=""1324091452""","=""9781324091455""",4,3.73,Liveright,Hardcover,512,2024,2024,,2025/07/25,,,read,,,,1,0
61539,The Structure of Scientific Revolutions,Thomas S. Kuhn,"Kuhn, Thomas S.",,"=""0226458083""","=""9780226458083""",0,4.03,University of Chicago Press,Paperback,226,1996,1962,,2025/07/05,to-read,to-read (#18),to-read,,,,0,0
40180098,The Overstory,Richard Powers,"Powers, Richard",,"=""039335668X""","=""9780393356687""",0,4.11,W.W. Norton & Company,Paperback,502,2019,2018,,2025/06/07,to-read,to-read (#17),to-read,,,,0,0
214331246,"Sunrise on the Reaping (The Hunger Games, #0.5)",Suzanne Collins,"Collins, Suzanne",,"=""1546171460""","=""9781546171461""",4,4.51,Scholastic Press,Hardcover,387,2025,2025,2025/06/04,2025/06/04,,,read,3.5,,,1,0
39913740,"The Sentence is Death (Hawthorne & Horowitz, #2)",Anthony Horowitz,"Horowitz, Anthony",,"=""""","=""""",3,3.98,Cornerstone Digital,ebook,373,2018,2018,2025/05/27,2025/05/27,,,read,"Pretty mid, at least it wasn’t predictable tho…",,,1,0
179311316,Why We Die: The New Science of Aging and the Quest for Immortality,Venki Ramakrishnan,"Ramakrishnan, Venki",,"=""0063113279""","=""9780063113275""",4,4.03,William Morrow,Hardcover,320,2024,2024,2025/05/20,2025/05/20,,,read,,,,1,0
171681821,The Anxious Generation: How the Great Rewiring of Childhood Caused an Epidemic of Mental Illness,Jonathan Haidt,"Haidt, Jonathan",,"=""0593655036""","=""9780593655030""",5,4.32,Penguin Press,Hardcover,400,2024,2024,2025/05/03,2025/05/03,,,read,Don’t think i disagreed with a single point. Very well written and easy to read,,,1,0
57423807,Plagues upon the Earth: Disease and the Course of Human History,Kyle Harper,"Harper, Kyle",,"=""069119212X""","=""9780691192123""",0,4.19,Princeton University Press,Hardcover,704,2021,2021,,2025/05/02,to-read,to-read (#16),to-read,,,,0,0
106835,The Intelligent Investor,Benjamin Graham,"Graham, Benjamin","Jason Zweig, Warren Buffett","=""0060555661""","=""9780060555665""",0,4.23,Harper Business,Paperback,623,2006,1949,,2025/04/10,to-read,to-read (#15),to-read,,,,0,0
13271378,Brother,David Chariandy,"Chariandy, David",,"=""0771022905""","=""9780771022906""",0,3.97,McClelland & Stewart,Hardcover,192,2017,2017,,2025/04/10,to-read,to-read (#14),to-read,,,,0,0
91950,The Myth of Sisyphus,Albert Camus,"Camus, Albert",Justin O'Brien,"=""0141182008""","=""9780141182001""",5,4.17,Penguin Classics,Paperback,192,2013,1942,2025/03/12,2025/03/12,,,read,Pretty absurd man<br/>4.5,,,1,0
18952341,"The Grace of Kings (The Dandelion Dynasty, #1)",Ken Liu,"Liu, Ken",,"=""1481424270""","=""9781481424271""",3,3.80,Saga Press,Hardcover,640,2015,2015,2025/03/10,2025/03/10,,,read,Mid,,,1,0
36064445,Skin in the Game: The Hidden Asymmetries in Daily Life,Nassim Nicholas Taleb,"Taleb, Nassim Nicholas",,"=""0241300657""","=""9780241300657""",3,3.91,Allen Lane,Paperback,272,2018,2018,2025/02/23,2025/02/23,,,read,Very opinionated - should have probably read some of the other books in the series first,,,1,0
43174603,"The Fires of Vengeance (The Burning, #2)",Evan Winter,"Winter, Evan",,"=""""","=""""",0,4.38,,ebook,529,2020,2020,2025/02/22,2025/02/22,,,read,,,,1,0
35297608,The Second Kind of Impossible: The Extraordinary Quest for a New Form of Matter,Paul J. Steinhardt,"Steinhardt, Paul J.",,"=""1476729921""","=""9781476729923""",0,4.28,Simon & Schuster,Hardcover,400,2019,2019,,2025/02/21,to-read,to-read (#13),to-read,,,,0,0
41952489,"The Rage of Dragons (The Burning, #1)",Evan Winter,"Winter, Evan",,"=""031648976X""","=""9780316489768""",4,4.31,Orbit,Hardcover,535,2019,2017,2025/02/21,2025/02/20,,,read,,,,1,0
17688,"The Metamorphosis, In the Penal Colony, and Other Stories: The Great Short Works of Franz Kafka",Franz Kafka,"Kafka, Franz","Anne Rice, Joachim Neugroschel, Willa Muir, Edwin Muir","=""0684800705""","=""9780684800707""",4,4.09,Scribner,Paperback,352,2000,1915,2025/01/30,2025/01/30,,,read,"Better than last time, gotta love the absurd",,,1,0
216017751,"This Inevitable Ruin (Dungeon Crawler Carl, #7)",Matt Dinniman,"Dinniman, Matt",,"=""""","=""""",3,4.68,,Kindle Edition,724,2024,2024,2025/01/02,2025/01/02,,,read,"Started 2025 finishing up the latest book from a series I started exactly a year ago. It seems to have lost the magic it once held for me, not sure if I’ll finish out the series - 3",,,1,0
28862,The Prince,Niccolò Machiavelli,"Machiavelli, Niccolò","Rufus Goodwin, Benjamin Martinez, W.K. Marriott, Denis Daly, Μαρία Κασωτάκη","=""0937832383""","=""9780937832387""",3,3.84,Dante University Press,Paperback,144,2014,1532,2024/12/29,2024/12/29,,,read,"Very Machiavellian (I read this book just to say that… )<br/>Shockingly, Machiavelli was not too evil, certainly amoral but likely more realistic and pragmatic for his time though. Despite this book’s small stature, it was a slog to get through. It certainly reflected its historical context, it quite literally was a book of advice for the ruler of a state, a very particular state in 15th century divided and warring Italy. I’m glad I stuck it through and finished the book, however Machiavelli has got to chill on the wordiness (11 lines was the longest sentence i spotted ",,,1,0
41817484,The Case Against Reality: Why Evolution Hid the Truth from Our Eyes,Donald D. Hoffman,"Hoffman, Donald D.",,"=""0393254690""","=""9780393254693""",0,3.87,W. W. Norton & Company,Hardcover,272,2019,,,2024/12/04,to-read,to-read (#12),to-read,,,,0,0
19494,"The Spy Who Came In from the Cold (George Smiley, #3)",John le Carré,"Carré, John le",,"=""""","=""9780743442534""",4,4.09,Scribner,Paperback,212,2001,1963,2024/12/01,2024/12/01,,,read,Chilling yet refreshing,,,1,0
34466963,Why We Sleep: Unlocking the Power of Sleep and Dreams,Matthew Walker,"Walker, Matthew",,"=""""","=""""",2,4.37,Scribner,Hardcover,368,2017,2017,2024/10/16,2024/10/16,,,read,"Not really that much new information. It’s mostly a book about this guys experiments, personal thoughts, and weird business and computer analogies.<br/>Not very good",,,1,0
22878967,"The Shadow of What Was Lost (The Licanius Trilogy, #1)",James  Islington,"Islington, James",,"=""099258020X""","=""9780992580209""",3,4.14,Aslaradis Publishing,Paperback,595,2014,2014,2024/06/13,2024/06/13,,,read,3.5,,,1,0
57926137,Black Cake,Charmaine Wilkerson,"Wilkerson, Charmaine",,"=""""","=""""",0,4.08,Ballantine Books,Hardcover,385,2022,2022,,2024/10/12,to-read,to-read (#11),to-read,,,,0,0
17453187,"Mark of the Thief (Mark of the Thief, #1)",Jennifer A. Nielsen,"Nielsen, Jennifer A.",,"=""""","=""""",0,3.96,Scholastic Press,Kindle Edition,352,2015,2015,2024/10/12,2024/10/12,,,read,Not as gas as back in the day,,,1,0
59616977,Building a Second Brain: A Proven Method to Organize Your Digital Life and Unlock Your Creative Potential,Tiago Forte,"Forte, Tiago",,"=""1982167386""","=""9781982167387""",4,4.03,Simon Element / Simon Acumen,Hardcover,272,2022,2022,2024/08/30,2024/08/30,,,read,"3.5, nothing groundbreaking but still pretty informative ",,,1,0
25342750,"Survival Quest (The Way of the Shaman, #1)",Vasily Mahanenko,"Mahanenko, Vasily",Natalia Nikitin,"=""""","=""""",1,4.16,Magic Dome Books,Kindle Edition,270,2015,2012,2024/08/30,2024/08/29,,,read,No plot and cringe dialogue ,,,1,0
214290546,Situational Awareness: The Decade Ahead,Leopold Aschenbrenner,"Aschenbrenner, Leopold",,"=""""","=""""",3,4.02,,ebook,165,2024,,2024/08/23,2024/08/23,,,read,"3.5<br/>Only an essay but 150 pages so im counting it idgaf. Interesting ideas, clearly very bright and written solidly but glazes over some important ideas<br/>",,,1,0
816440,War with the Newts,Karel Čapek,"Čapek, Karel",Ewald Osers,"=""0945774109""","=""9780945774105""",4,4.17,Catbird Press,Paperback,241,1990,1936,2024/08/14,2024/08/14,,,read,"An old and slightly frightening book, that with a modern lens seems to be an allegory for AI, and what will happen to the global economy once machines can outthink us ",,,1,0
8855321,"Leviathan Wakes (The Expanse, #1)",James S.A. Corey,"Corey, James S.A.",,"=""1841499889""","=""9781841499888""",4,4.31,Orbit,Paperback,561,2011,2011,2024/08/11,2024/08/11,,,read,,,,1,0
310612,A Confederacy of Dunces,John Kennedy Toole,"Toole, John Kennedy",Walker Percy,"=""0802130208""","=""9780802130204""",4,3.89,Grove Press,Paperback,394,1994,1980,2024/08/07,2024/08/07,,,read,"Like no story I’ve ever read, and no character has ever changed my mind as much as Ignatius Reilly from the start of the book to the end",,,1,0
176451879,"Kill for Me, Kill for You",Steve Cavanagh,"Cavanagh, Steve",,"=""1668049341""","=""9781668049341""",4,4.13,Atria Books,Hardcover,340,2024,2023,2024/07/31,2024/07/31,,,read,"4.25,<br/>Thought it was a good book even if the main “mystery” point was very predictable, but I don’t think that was the point of this novel. Have to agree with Ben that the ending was pretty solid which is rare for a mystery ",,,1,0
50548197,"A Deadly Education (The Scholomance, #1)",Naomi Novik,"Novik, Naomi",,"=""0593128486""","=""9780593128480""",3,3.93,Del Rey,Hardcover,320,2020,2020,2024/07/23,2023/07/05,,,read,"3.5<br/>quick read, thought it was good just nothing stood out",,,1,0
52504334,"A Master of Djinn (Dead Djinn Universe, #1)",P. Djèlí Clark,"Clark, P. Djèlí",,"=""1250267676""","=""9781250267672""",4,4.00,Tordotcom,Kindle Edition,438,2021,2021,2024/07/17,2024/07/17,,,read,3.5 Entertaining but twist was very telegraphed,,,1,0
56302573,Farenheit 451,Ray Bradbury,"Bradbury, Ray",,"=""""","=""""",3,3.97,Qanun Nəşriyyatı,Unknown Binding,208,2019,1953,2024/07/11,2024/07/11,,,read,"3.5, <br/>thought it was written technically well, with good grammar and interesting if sometimes repetitive literary techniques. However, it’s a book from the 50’s and you can clearly see the authors personal views of how there is a degeneracy of society that I don’t love",,,1,0
1842,"Guns, Germs, and Steel: The Fates of Human Societies",Jared Diamond,"Diamond, Jared",,"=""0739467352""","=""9780739467350""",5,4.04,W.W. Norton & Company,Paperback,498,2005,1997,2024/07/08,2024/07/08,,,read,"Helped answer many lingering questions on cultural evolution. My only gripe was that it’s clearly a product of its time, in that most of the commentary was solely focussed on counteracting racist ideology",,,1,0
5107,The Catcher in the Rye,J.D. Salinger,"Salinger, J.D.",,"=""0316769177""","=""9780316769174""",4,3.80,Back Bay Books,Paperback,277,2001,1951,2024/07/08,2024/07/08,,,read,"4.25,<br/>On my journey to read more classic books. Very short and engaging throughout, it’s incredibly how a good author can really flesh out a story",,,1,0
199061999,"Fourth Wing (Empyrian-serien, #1)",Rebecca Yarros,"Yarros, Rebecca","Julie Rosendahl, Anders Bruhn Kristensen, Amy Acosta, Elizabeth Turner Stokes, Melanie Korte","=""8740090388""","=""9788740090383""",4,4.57,Hr. Ferdinand,Paperback,612,2023,2023,2024/05/31,2024/05/31,,,read,3. 5 Not what I expected but not bad,,,1,0
92121,"Nine Princes in Amber (The Chronicles of Amber, #1)",Roger Zelazny,"Zelazny, Roger",,"=""0380014300""","=""9780380014309""",3,4.04,Avon,Mass Market Paperback,175,1986,1970,2024/05/29,2024/05/29,,,read,Alright,,,1,0
34928122,Artemis,Andy Weir,"Weir, Andy",,"=""0553448129""","=""9780553448122""",3,3.69,Crown,Hardcover,305,2017,2017,2024/05/23,2024/05/23,,,read,3.5,,,1,0
36510196,"Old Man's War (Old Man's War, #1)",John Scalzi,"Scalzi, John",,"=""""","=""""",4,4.23,Tor Books,Kindle Edition,318,2007,2005,2024/05/22,2024/05/22,,,read,"3.5, a little slow at the start but picked up and was interesting. I’ll read the next one but there’s way too many books in this series",,,1,0
61714633,"The Wager: A Tale of Shipwreck, Mutiny and Murder",David Grann,"Grann, David",,"=""0385534264""","=""9780385534260""",0,4.17,Doubleday,Hardcover,352,2023,2023,,2024/05/21,to-read,to-read (#10),to-read,,,,0,0
3227063,"The Way of Shadows (Night Angel, #1)",Brent Weeks,"Weeks, Brent",,"=""0316033677""","=""9780316033671""",2,4.15,Orbit,Mass Market Paperback,645,2008,2008,2024/05/19,2024/05/19,,,read,Not worth getting burnt in the sun over ,,,1,0
199798488,I'm Afraid You've Got Dragons,Peter S. Beagle,"Beagle, Peter S.",,"=""1668025272""","=""9781668025277""",3,3.63,Saga Press,Hardcover,278,2024,2024,2024/05/17,2024/05/17,,,read,Mid,,,1,0
104097,"Sailing to Sarantium (The Sarantine Mosaic, #1)",Guy Gavriel Kay,"Kay, Guy Gavriel",,"=""0743450094""","=""9780743450096""",0,4.20,Earthlight,Paperback,448,2002,1998,,2024/05/04,to-read,to-read (#9),to-read,,,,0,0
1391817,The Minds of Billy Milligan,Daniel Keyes,"Keyes, Daniel",,"=""0394519434""","=""9780394519432""",5,4.28,Random House,Hardcover,374,1981,1981,2024/04/01,2024/04/01,,,read,Probably the most interesting story of a person I have ever read. The resiliency of the human mind is incredible and this is an unreal true story that reads like fiction,,,1,0
35820369,The Rise and Fall of the Dinosaurs: A New History of a Lost World,Steve Brusatte,"Brusatte, Steve",,"=""0062490427""","=""9780062490421""",5,4.21,Mariner Books,Hardcover,404,2018,2018,2024/03/28,2024/03/28,,,read,4.5 honestly very good for a history book just took me a minute to finish it ,,,1,0
18373,Flowers for Algernon,Daniel Keyes,"Keyes, Daniel",,"=""015603008X""","=""9780156030083""",5,4.24,Harvest Books,Paperback,311,2004,1966,2024/03/04,2024/03/04,,,read,Genuinely incredible and a very unique way to tell a story,,,1,0
603515,"The Hound of Rowan (The Tapestry, #1)",Henry H. Neff,"Neff, Henry H.",,"=""0375838945""","=""9780375838941""",5,4.05,Random House Books for Young Readers,Hardcover,419,2007,2007,2024/02/18,2024/02/18,,,read,Classic banger,,,2,0
41795733,Range: Why Generalists Triumph in a Specialized World,David   Epstein,"Epstein, David",,"=""0735214484""","=""9780735214484""",0,4.13,Riverhead Books,Hardcover,339,2019,2019,2024/01/23,2024/01/23,,,read,,,,1,0
125887685,"The Eye of the Bedlam Bride (Dungeon Crawler Carl, #6)",Matt Dinniman,"Dinniman, Matt",,"=""""","=""""",0,4.66,Dandy House,Kindle Edition,794,2023,2023,2024/01/14,2024/01/14,,,read,,,,1,0
60233239,"The Butcher's Masquerade (Dungeon Crawler Carl, #5)",Matt Dinniman,"Dinniman, Matt",,"=""""","=""""",0,4.69,Dandy House,Kindle Edition,732,2022,2022,2024/01/12,2024/01/12,,,read,,,,1,0
57905101,"The Gate of the Feral Gods (Dungeon Crawler Carl, #4)",Matt Dinniman,"Dinniman, Matt",,"=""""","=""""",0,4.55,Dandy House,Kindle Edition,586,2021,2021,2024/01/09,2024/01/09,,,read,,,,1,0
57001971,"The Dungeon Anarchist's Cookbook (Dungeon Crawler Carl, #3)",Matt Dinniman,"Dinniman, Matt",,"=""""","=""""",0,4.44,Dandy House,Kindle Edition,534,2021,2021,2024/01/06,2024/01/06,,,read,,,,1,0
56377548,"Carl's Doomsday Scenario (Dungeon Crawler Carl, #2)",Matt Dinniman,"Dinniman, Matt",,"=""""","=""""",0,4.51,Dandy House,Kindle Edition,364,2021,2021,2024/01/04,2024/01/04,,,read,,,,1,0
56791389,"Dungeon Crawler Carl (Dungeon Crawler Carl, #1)",Matt Dinniman,"Dinniman, Matt",,"=""""","=""""",0,4.49,Dandy House,Kindle Edition,446,2020,2020,2024/01/04,2024/01/03,,,read,,,,1,0
25499718,"Children of Time (Children of Time, #1)",Adrian Tchaikovsky,"Tchaikovsky, Adrian",,"=""1447273281""","=""9781447273288""",4,4.30,PanMacmillan,Hardcover,608,2015,2015,2023/12/17,2023/12/17,,,read,"Such a unique sci fi story just wish things were told a little quicker, the ending seemed a little rushed",,,1,0
40121378,Atomic Habits: An Easy & Proven Way to Build Good Habits & Break Bad Ones,James Clear,"Clear, James",,"=""""","=""""",5,4.32,Avery,Kindle Edition,319,2018,2018,2023/12/01,2023/12/01,,,read,Very engaging and useful ,,,1,0
50623864,The Invisible Life of Addie LaRue,V.E. Schwab,"Schwab, V.E.",Victoria Schwab,"=""0765387565""","=""9780765387561""",5,4.16,Tor Books,Hardcover,448,2020,2020,2023/11/24,2023/11/24,,,read,,,,1,0
50202953,Piranesi,Susanna Clarke,"Clarke, Susanna",,"=""163557563X""","=""9781635575637""",4,4.21,Bloomsbury,Hardcover,272,2020,2020,2023/11/05,2023/11/05,,,read,Such an unique read,,,1,0
25451852,"Dawn of Wonder (The Wakening, #1)",Jonathan Renshaw,"Renshaw, Jonathan",,"=""""","=""""",4,4.35,Jonathan Renshaw,Kindle Edition,715,2015,2015,2023/10/26,2023/10/26,,,read,,,,1,0
58416952,"The Will of the Many (Hierarchy, #1)",James  Islington,"Islington, James",,"=""1982141190""","=""9781982141196""",5,4.59,Gallery / Saga Press,Kindle Edition,639,2023,2023,2023/10/09,2023/10/09,,,read,,,,1,0
41180829,"Fae and Fare (The Wandering Inn, #2)",Pirateaba,"Pirateaba, Pirateaba",,"=""""","=""""",0,4.48,,ebook,1718,,2019,2023/10/03,2023/10/03,,,read,,,,1,0
41033158,"The Wandering Inn (The Wandering Inn, #1)",Pirateaba,"Pirateaba, Pirateaba",,"=""""","=""""",0,4.22,,Kindle Edition,1235,2018,2018,2023/09/24,2023/09/24,,,read,,,,1,0
40097951,The Silent Patient,Alex Michaelides,"Michaelides, Alex",,"=""1250301696""","=""9781250301697""",0,4.17,Celadon Books,Hardcover,336,2019,2019,2023/09/13,2023/07/06,,,read,,,,1,0
54369251,A Wizard’s Guide to Defensive Baking,T. Kingfisher,"Kingfisher, T.",,"=""1614505241""","=""9781614505242""",0,4.05,Argyll Productions,Paperback,306,2020,2020,2023/09/02,2023/09/02,,,read,,,,1,0
41721428,Can't Hurt Me: Master Your Mind and Defy the Odds,David Goggins,"Goggins, David",,"=""1544512260""","=""""",0,4.30,Lioncrest Publishing,Kindle Edition,366,2018,2018,,2023/08/29,,,read,,,,1,0
17910054,The Sixth Extinction: An Unnatural History,Elizabeth Kolbert,"Kolbert, Elizabeth",,"=""0805092994""","=""9780805092998""",0,4.15,Henry Holt and Co. (Georg von Holtzbrinck),Hardcover,336,2014,2014,,2022/03/08,,,read,,,,0,0
59364173,I'm Glad My Mom Died,Jennette McCurdy,"McCurdy, Jennette",,"=""""","=""""",0,4.44,Simon & Schuster,ebook,320,2022,2022,2023/08/21,2023/08/21,,,read,,,,1,0
36337550,The 7 1/2 Deaths of Evelyn Hardcastle,Stuart Turton,"Turton, Stuart",,"=""""","=""""",4,3.78,Sourcebooks Landmark,Hardcover,432,2018,2018,2023/07/24,2023/07/24,,,read,Pretty good I was definitely entertained the whole time I didn’t really like how unpredictable it was like if you say you guessed more than 2 things ur lying,,,1,0
53205888,Under the Whispering Door,T.J. Klune,"Klune, T.J.",,"=""1250217342""","=""9781250217349""",0,4.11,Tor Books,Hardcover,376,2021,2021,2023/07/22,2023/07/22,,,read,,,,1,0
58085250,A Molecule Away from Madness: Tales of the Hijacked Brain,Sara Manning Peskin,"Peskin, Sara Manning",,"=""1324002379""","=""9781324002376""",5,4.20,W. W. Norton & Company,Hardcover,214,2022,2022,2023/07/20,2023/07/20,,,read,Pretty gas not too long while staying very informative and not boring which is rare in books like this ,,,1,0
36454667,"Empire of Silence (The Sun Eater, #1)",Christopher Ruocchio,"Ruocchio, Christopher",,"=""0756413028""","=""9780756413026""",4,3.96,DAW,Kindle Edition,753,2018,2018,2023/07/15,2023/07/15,,,read,3.5<br/>Was interesting throughout and stuff happened Ofc but there wasn’t really a full plot and like stakes it just felt like this book was fully intro to the series ,,,1,0
36809135,Where the Crawdads Sing,Delia Owens,"Owens, Delia",,"=""0735219117""","=""9780735219113""",5,4.37,G.P. Putnam’s Sons,ebook,384,2018,2018,2023/07/12,2022/09/19,,,read,4.5 pretty gas<br/>Really like the end I wouldn’t say it was even a twist just a rewarding end to the story ,,,1,0
25135194,"Prisoners of Geography: Ten Maps That Tell You Everything You Need to Know About Global Politics (Politics of Place, #1)",Tim  Marshall,"Marshall, Tim",,"=""1783961414""","=""9781783961412""",4,4.19,Elliott & Thompson,Hardcover,256,2015,2015,2023/07/09,2023/07/09,,,read,4.5,,,2,0
45300567,The Maidens,Alex Michaelides,"Michaelides, Alex",,"=""1250304458""","=""9781250304452""",4,3.62,Celadon Books,Hardcover,337,2021,2021,2023/07/06,2023/07/06,,,read,Very engaging wish the ending was built up a bit more but I don’t think it was an unbelievable twist ,,,1,0
57933306,Stolen Focus: Why You Can't Pay Attention— and How to Think Deeply Again,Johann Hari,"Hari, Johann",,"=""0593138511""","=""9780593138519""",0,4.22,Crown,Hardcover,357,2022,2022,,2023/07/05,to-read,to-read (#8),to-read,,,,0,0
62121610,The Puzzle Master,Danielle Trussoni,"Trussoni, Danielle",,"=""0593595297""","=""9780593595299""",3,3.31,Random House,Hardcover,362,2023,2023,2023/06/29,2023/06/29,,,read,2.75 started pretty promising sounded like a cool mystery devolved into some next religious and “sci-fi” story didn’t like the whole back half,,,1,0
13214,"I Know Why the Caged Bird Sings (Maya Angelou's Autobiography, #1)",Maya Angelou,"Angelou, Maya",,"=""0553279378""","=""9780553279375""",0,4.30,Bantam Books,Paperback,289,1993,1969,2023/06/22,2023/06/19,,,read,,,,1,0
10572,"A Clash of Kings  (A Song of Ice and Fire, #2)",George R.R. Martin,"Martin, George R.R.",,"=""""","=""""",4,4.42,Random House Worlds,Paperback,1009,2002,1998,2023/06/15,2023/06/15,,,read,So long but came together very well in the end. First book series I’ve read in so long where there actually are stakes and main characters can die,,,1,0
20518872,"The Three-Body Problem (Remembrance of Earth’s Past, #1)",Liu Cixin,"Cixin, Liu",Ken Liu,"=""""","=""""",4,4.08,Tor Books,Hardcover,472,2014,2006,2023/06/11,2023/06/11,,,read,3.5 reads kind of odd feel like it would have been better in the original Chinese ,,,1,0
58446227,Sea of Tranquility,Emily St. John Mandel,"Mandel, Emily St. John",,"=""0593321448""","=""9780593321447""",0,4.05,Knopf,Hardcover,259,2022,2022,,2023/06/07,to-read,to-read (#7),to-read,,,,0,0
61361681,Clytemnestra,Costanza Casati,"Casati, Costanza",,"=""1728268230""","=""9781728268231""",0,4.22,Sourcebooks Landmark,Hardcover,435,2023,2023,,2023/06/07,to-read,to-read (#6),to-read,,,,0,0
13912,A Beautiful Mind,Sylvia Nasar,"Nasar, Sylvia",,"=""0571212921""","=""9780571212927""",3,4.13,Faber & Faber,Paperback,461,1999,1998,2023/06/07,2023/03/24,,,read,3.5 probs should have just watched the movie honestly ,,,1,0
58957615,"The Bullet That Missed (Thursday Murder Club, #3)",Richard Osman,"Osman, Richard",,"=""0241512425""","=""9780241512425""",0,4.35,Viking,Hardcover,413,2022,2022,,2023/06/07,to-read,to-read (#5),to-read,,,,0,0
123192450,Apothecary,Peter Cawdron,"Cawdron, Peter",,"=""""","=""""",0,4.34,,Kindle Edition,414,2023,2023,,2023/06/01,to-read,to-read (#4),to-read,,,,0,0
58931903,"The Girl and the Moon (Book of the Ice, #3)",Mark  Lawrence,"Lawrence, Mark",,"=""198480605X""","=""9781984806055""",4,4.23,Ace ,Hardcover,416,2022,2022,2023/05/31,2023/05/31,,,read,,,,1,0
50742872,"The Girl and the Mountain (Book of the Ice, #2)",Mark  Lawrence,"Lawrence, Mark",,"=""0008284814""","=""9780008284817""",4,4.13,HarperVoyager,Paperback,448,2021,2021,2023/05/30,2023/05/30,,,read,,,,1,0
51277288,"The Girl and the Stars (Book of the Ice, #1)",Mark  Lawrence,"Lawrence, Mark",,"=""1984805991""","=""9781984805997""",4,3.81,Ace,Hardcover,384,2020,2020,2023/05/29,2023/05/29,,,read,3.5 I’m in too deep and just want to see what will happen and it’s interesting but there’s acc zero stakes the main character gets out of whatever impossible situation every single time ,,,1,0
38099642,"Holy Sister (Book of the Ancestor, #3)",Mark  Lawrence,"Lawrence, Mark",,"=""0008152403""","=""9780008152406""",4,4.31,Harper Voyager,Paperback,343,2019,2019,2023/05/28,2023/05/28,,,read,,,,1,0
35530652,"Grey Sister (Book of the Ancestor, #2)",Mark  Lawrence,"Lawrence, Mark",,"=""0008152349""","=""9780008152345""",4,4.35,Ace,Hardcover,416,2018,2018,2023/05/27,2023/05/27,,,read,So odd but couldn’t stop reading ,,,1,0
13496,"A Game of Thrones (A Song of Ice and Fire, #1)",George R.R. Martin,"Martin, George R.R.",,"=""0553588486""","=""9780553588484""",4,4.45,Bantam,Mass Market Paperback,835,2005,1996,2023/05/26,2023/05/26,,,read,4.5 lowkey gas kinda get why there was so much hype,,,1,0
32620332,The Seven Husbands of Evelyn Hugo,Taylor Jenkins Reid,"Reid, Taylor Jenkins",,"=""1501139231""","=""9781501139239""",4,4.39,Atria Books,Hardcover,389,2017,2017,2023/03/19,2023/03/24,,,read,4.5 still a banger,,,1,0
52656911,The Guest List,Lucy Foley,"Foley, Lucy",,"=""""","=""""",5,3.80,William Morrow,Kindle Edition,319,2020,2020,,2023/03/14,,,read,Banger tbh. Lowkey hated and liked most of the characters at one point or another ,,,1,0
51291,How to Lie with Statistics,Darrell Huff,"Huff, Darrell",Irving Geis,"=""0393310728""","=""9780393310726""",3,3.84,W. W. Norton & Company,Paperback,142,1982,1954,2023/02/25,2023/02/25,,,read,Such an old book but still kind of interesting,,,1,0
139253,The House on Mango Street,Sandra Cisneros,"Cisneros, Sandra",,"=""0679734775""","=""9780679734772""",3,3.68,Knopf Doubleday Publishing Group,Paperback,110,2009,1984,2023/02/18,2023/02/18,,,read,3.5 ish<br/>Honestly I didn't really like it until the very end. I know the point was that it was from a Childs perspective and that's why it was all jumbled but it still didn't really tie together. However by the end the writing style grew on me a lot and it was very poetic,,,1,0
6452796,Drive: The Surprising Truth About What Motivates Us,Daniel H. Pink,"Pink, Daniel H.",,"=""1594488843""","=""9781594488849""",4,3.95,Riverhead Books,Hardcover,242,2009,2009,2023/02/13,2023/02/13,,,read,Pretty interesting but boring at times,,,1,0
902,The Westing Game,Ellen Raskin,"Raskin, Ellen",,"=""014240120X""","=""9780142401200""",4,3.99,Puffin,Paperback,182,2004,1978,2023/01/24,2023/01/24,,,read,4.25 classic good mystery with well defined characters but the end was great ,,,1,0
4671,The Great Gatsby,F. Scott Fitzgerald,"Fitzgerald, F. Scott",,"=""0743273567""","=""9780743273565""",3,3.93,Scribner,Paperback,180,1925,1925,2023/01/13,2023/01/13,,,read,3.5<br/>Idk just not really my vibe but glad I read it,,,1,0
56668328,"The Bomber Mafia: A Dream, a Temptation, and the Longest Night of the Second World War",Malcolm Gladwell,"Gladwell, Malcolm",,"=""0316296619""","=""9780316296618""",4,4.02,"Little, Brown and Company",Hardcover,256,2021,2021,2023/01/10,2023/01/10,,,read,Pretty decent,,,1,0
68494,"Perdido Street Station (New Crobuzon, #1)",China Miéville,"Miéville, China",,"=""0345459407""","=""9780345459404""",3,3.98,Ballantine Del Rey,Mass Market Paperback,710,2003,2000,2023/01/04,2023/01/05,,,read,3.5 <br/>Super mid,,,1,0
50520939,"The Atlas Six (The Atlas, #1)",Olivie Blake,"Blake, Olivie",,"=""""","=""""",3,3.54,,Kindle Edition,376,2020,2020,2023/01/04,2023/01/05,,,read,Just pretty mid tbh but had so much potential ;(,,,1,0
42036538,"Gideon the Ninth (The Locked Tomb, #1)",Tamsyn Muir,"Muir, Tamsyn",,"=""1250313198""","=""9781250313195""",5,4.19,Tor,Hardcover,448,2019,2019,2022/12/30,2022/12/30,,,read,4.5 lowkey super weird but I rated it,,,1,0
43848929,Talking to Strangers: What We Should Know About the People We Don't Know,Malcolm Gladwell,"Gladwell, Malcolm",,"=""0316478520""","=""9780316478526""",4,4.00,"Little, Brown and Company",Hardcover,388,2019,2019,2022/12/29,2022/12/29,,,read,Pretty good interesting concepts ,,,2,0
29340854,"Do Humankind’s Best Days Lie Ahead?: The Munk Debates (The Munk Debates, 2015)",Steven Pinker,"Pinker, Steven","Matt Ridley, Alain de Botton, Malcolm Gladwell","=""1487001681""","=""9781487001681""",3,3.34,House of Anansi Press,Paperback,128,2016,2016,2022/12/27,2022/12/27,,,read,3.5 ish<br/>Pretty interesting but started with a flawed question and kind of just led to frustration ,,,1,0
61242426,"Legends & Lattes (Legends & Lattes, #1)",Travis Baldree,"Baldree, Travis",,"=""""","=""""",5,4.04,Tor,Kindle Edition,296,2022,2022,2022/12/26,2022/12/27,,,read,4.5 idk<br/>Lowkey banger very sweet with a good story <br/>Wasn’t like the most complex best book of all time but a very enjoyable read,,,1,0
57945316,Babel,R.F. Kuang,"Kuang, R.F.",,"=""0063021420""","=""9780063021426""",4,4.15,Harper Voyager,Hardcover,544,2022,2022,2022/12/09,2022/12/10,,,read,3.75<br/>Could not put this book down but there were some strange parts for sure,,,1,0
16143347,We Were Liars,E. Lockhart,"Lockhart, E.",,"=""0385741278""","=""9780385741279""",4,3.65,Delacorte Press,Paperback,320,2018,2014,2022/11/20,2022/11/20,,,read,What an odd book with a weird ending but overall pretty good<br/>Written very well for sure,,,1,0
485894,The Metamorphosis,Franz Kafka,"Kafka, Franz",Stanley Corngold,"=""0553213695""","=""9780553213690""",3,3.90,Bantam Classics,Mass Market Paperback,201,1972,1915,2022/11/15,2022/11/15,,,read,So mid<br/>Planned out in a cool way clearly but still did not execute that well was bored reading ,,,1,0
29044,The Secret History,Donna Tartt,"Tartt, Donna",,"=""1400031702""","=""9781400031702""",0,4.15,Vintage Books,Paperback,559,2004,1992,2022/11/13,2022/11/13,,,read,I don’t even know how to describe this book but it was overall pretty good. The good parts great and the bad kinda confusing. It feels like a satire about classics which would be a cool read if I had read more classics and didn’t read this book bc I thought it was a classic. Idk odd book but still good<br/>3.5/unrated,,,1,0
43352954,This Is How You Lose the Time War,Amal El-Mohtar,"El-Mohtar, Amal",Max Gladstone,"=""""","=""""",0,3.84,Saga Press,ebook,209,2019,2019,2022/08/01,2022/08/01,,,read,I don’t even know if I liked this book but it was like nothing I’ve ever read before and it was written in such a beautiful way that it was an engaging read regardless,,,2,0
2612,The Tipping Point: How Little Things Can Make a Big Difference,Malcolm Gladwell,"Gladwell, Malcolm",,"=""""","=""""",5,4.01,Time Warner Book Group,Paperback,301,2002,2000,2022/10/30,2022/10/22,,,read,Lowkey his books are like pseudo psychological but they’re fire so whatever,,,1,0
3872,A History of the World in 6 Glasses,Tom Standage,"Standage, Tom",,"=""0802715524""","=""9780802715524""",3,3.81,Bloomsbury,Paperback,336,2006,2005,2022/10/15,2022/10/15,,,read,"Idk just kinda mid, I didn’t learn that much and some parts did not seem true /biased",,,1,0
9520360,"The Son of Neptune (The Heroes of Olympus, #2)",Rick Riordan,"Riordan, Rick",,"=""1423140591""","=""9781423140597""",5,4.40,Disney-Hyperion Books,Hardcover,521,2011,2011,2022/10/08,2022/10/08,,,read,BANGER,,,1,0
15751404,"David and Goliath: Underdogs, Misfits, and the Art of Battling Giants",Malcolm Gladwell,"Gladwell, Malcolm",,"=""0316204366""","=""9780316204361""",5,3.97,"Little, Brown and Company",Hardcover,305,2013,2013,2022/09/29,2022/09/29,,,read,Shoutout Malcolm that’s fr my goat ,,,1,0
49552,The Stranger,Albert Camus,"Camus, Albert",Matthew  Ward,"=""""","=""""",3,4.03,Vintage International,Paperback,123,1989,1942,2022/09/06,2022/09/06,,,read,2.5 Finished the last 10 pages at school and was so strange tbh but at least it was something new,,,1,0
131359,"Death on the Nile (Hercule Poirot, #18)",Agatha Christie,"Christie, Agatha",,"=""""","=""""",3,4.12,Bantam Books,Paperback,352,1978,1937,2022/08/31,2022/08/31,,,read,Soooo mid but also read it in the passport line so that awful environment probs made it worse tbh,,,1,0
45885495,His & Hers,Alice Feeney,"Feeney, Alice",,"=""1250266076""","=""9781250266071""",3,4.07,Flatiron Books,Hardcover,304,2020,2020,2022/08/26,2022/08/26,,,read,3.5<br/>It started off slow and too much was explained directly to the reader but I enjoyed the last half. I kind of predicted the ending but it was more of a “Ik the ending is super wack it’s def something like this” so it wasn’t technically a good mystery but it was fun so whatever ,,,1,0
19161852,The Fifth Season (The Broken Earth #1),N.K. Jemisin,"Jemisin, N.K.",,"=""""","=""""",4,4.29,Orbit,Paperback,468,2015,2015,2022/08/24,2022/08/24,,,read,Such a strange book and lowkey confusing sometimes but still went slightly hard fr,,,1,0
40102,Blink: The Power of Thinking Without Thinking,Malcolm Gladwell,"Gladwell, Malcolm","Barry Fox, Irina Henegar","=""0316010669""","=""9780316010665""",5,3.96,Back Bay Books,Paperback,296,2007,2005,2022/08/21,2022/08/21,,,read,The end part had some weird stuff but overall was a banger frfr,,,1,0
3228917,Outliers: The Story of Success,Malcolm Gladwell,"Gladwell, Malcolm",,"=""0316017922""","=""9780316017923""",5,4.19,"Little, Brown and Company",Hardcover,309,2008,2008,2022/08/10,2022/08/10,,,read,easy 5 fr<br/>There’s just so many interesting small stories that he pulls together really well for an overarching narrative. Love the way he teaches using stories that’s just my goat fr,,,1,0
48727813,"She Who Became the Sun (The Radiant Emperor, #1)",Shelley Parker-Chan,"Parker-Chan, Shelley",,"=""1250621798""","=""9781250621795""",4,3.84,Tor Books,Kindle Edition,416,2021,2021,2022/08/07,2022/08/07,,,read,3.5 so weird tbh but still alright ,,,1,0
34403860,"Sufficiently Advanced Magic (Arcane Ascension, #1)",Andrew Rowe,"Rowe, Andrew",,"=""""","=""""",3,4.11,,Kindle Edition,625,2017,2017,2022/07/29,2022/07/29,,,read,Like 3.5 lowkey mid but kinda fun I’ll continue reading ig,,,2,0
17182126,"Steelheart (The Reckoners, #1)",Brandon Sanderson,"Sanderson, Brandon",,"=""0385743564""","=""9780385743563""",5,4.14,Delacorte Press,Hardcover,386,2013,2013,2022/07/16,2022/07/16,,,read,Went just as hard as I remembered fr,,,2,0
44525305,The Ride of a Lifetime: Lessons Learned from 15 Years as CEO of the Walt Disney Company,Robert Iger,"Iger, Robert",Joel Lovell,"=""""","=""""",0,4.40,Random House,Hardcover,272,2019,2019,,2022/07/13,to-read,to-read (#3),to-read,,,,0,0
22299763,"Crooked Kingdom (Six of Crows, #2)",Leigh Bardugo,"Bardugo, Leigh",,"=""""","=""""",4,4.57,Orion Children's Books,Kindle Edition,561,2016,2016,2022/06/12,2022/06/13,,,read,Also a 4.5 ,,,2,0
23437156,"Six of Crows (Six of Crows, #1)",Leigh Bardugo,"Bardugo, Leigh",,"=""1627792120""","=""9781627792127""",4,4.46,Henry Holt & Company,Hardcover,480,2015,2015,2022/06/12,2022/06/12,,,read,"4.5, realistically it’s probably not amazing but it kinda went hard regardless ",,,1,0
25734172,Seven Brief Lessons on Physics,Carlo Rovelli,"Rovelli, Carlo",,"=""0399184414""","=""9780399184413""",4,3.98,Riverhead Books,Hardcover,81,2016,2014,2022/07/09,2022/07/09,,,read,4.5 wish it was a bit longer but it is called a brief history so whatever. Last chapter was so facts fr,,,1,0
54493401,Project Hail Mary,Andy Weir,"Weir, Andy",,"=""0593135202""","=""9780593135204""",4,4.50,Ballantine Books,Hardcover,476,2021,2021,2022/07/10,2022/07/10,,,read,4.25 lowkey some of the science seemed made up but whatever I liked it. Overall was a cute story despite the main events of the novel tbh ,,,1,0
34273236,Little Fires Everywhere,Celeste Ng,"Ng, Celeste",,"=""0735224293""","=""9780735224292""",5,4.07,Penguin Press,Hardcover,338,2017,2017,2022/07/10,2022/07/09,,,read,BANGER FR,,,1,0
33516773,Big Little Lies,Liane Moriarty,"Moriarty, Liane",,"=""0399587195""","=""9780399587191""",5,4.31,Berkley,Paperback,460,2017,2014,2022/07/03,2022/07/03,,,read,BANGER FR it acc just went so crazy I couldn’t put it down and ended perfectly tbh,,,1,0
52225186,Eight Perfect Murders,Peter  Swanson,"Swanson, Peter",,"=""0062838202""","=""9780062838209""",4,3.63,William Morrow,Hardcover,270,2020,2020,2022/07/02,2022/07/02,,,read,4.25 I think. Loved it until certain parts of the ending. Some was just strange but still went pretty hard ,,,1,0
35068705,"The Poppy War (The Poppy War, #1)",R.F. Kuang,"Kuang, R.F.",,"=""0062662597""","=""9780062662590""",4,4.16,Harper Voyager,Kindle Edition,545,2018,2018,2022/07/01,2022/07/01,,,read,Couldn’t stop reading it but oh my god was it insanely violent. Basically tells the story of Japanese and Chinese cruelty towards each other but in a fictional land. Just so brutal and then main character is lowkey psycho ,,,1,0
18966806,"Morning Star (Red Rising Saga, #3)",Pierce Brown,"Brown, Pierce",,"=""0345539842""","=""9780345539847""",4,4.54,Del Rey,Hardcover,525,2016,2016,2022/06/30,2022/06/29,,,read,I think I’ve realized that my issue with all these books is that there’s just no stakes. Our main character will be in an unwinnble spot but I just know him and his closest friends will survive no matter what. Still an enjoyable read but his plot armour is crazy fr,,,1,0
18966819,"Golden Son (Red Rising Saga, #2)",Pierce Brown,"Brown, Pierce",,"=""0345539826""","=""9780345539823""",4,4.50,Del Rey,ebook,466,2015,2015,2022/06/29,2022/06/29,,,read,Like lowkey not amazing but once again could not put it down,,,1,0
15839976,"Red Rising (Red Rising Saga, #1)",Pierce Brown,"Brown, Pierce",,"=""0345539788""","=""9780345539786""",4,4.27,Del Rey,Hardcover,382,2014,2014,2022/06/22,2022/06/21,,,read,Ridiculously violent tbh but still went kinda hard I couldn’t put it down fr,,,1,0
25895524,"Red Sister (Book of the Ancestor, #1)",Mark  Lawrence,"Lawrence, Mark",,"=""1101988851""","=""9781101988855""",4,4.16,Ace,Hardcover,467,2017,2017,2022/06/20,2022/06/20,,,read,4.5 lowkey nothing was happening for like half the book but I still couldn’t stop reading it so this rating should be worse but idc,,,2,0
37976541,Bad Blood: Secrets and Lies in a Silicon Valley Startup,John Carreyrou,"Carreyrou, John",,"=""""","=""""",4,4.40,Knopf,Hardcover,339,2018,2018,2022/06/10,2022/06/03,,,read,First 2/3 ‘s could have been trimmed in half tbh but the last third was good idk alway good to learn more about relatively current events and how they’ve shaped todays landscape ,,,1,0
21897654,"Will to Survive (The Rule of Three, #3)",Eric Walters,"Walters, Eric",,"=""0374301816""","=""9780374301811""",4,4.34,"Farrar, Straus and Giroux (BYR)",Hardcover,320,2016,2016,2022/06/06,2022/06/06,,,read,Realistically these books are mid but idc I enjoy reading them every time ,,,1,0
21469162,"Fight for Power (The Rule of Three, #2)",Eric Walters,"Walters, Eric",,"=""0374301794""","=""9780374301798""",4,4.26,"Farrar, Straus and Giroux (BYR)",Hardcover,352,2015,2015,2022/06/06,2022/06/06,,,read,Still lowkey bangers I swear I read these in grade 6 and they still hit,,,1,0
17934467,"The Rule of Three (The Rule of Three, #1)",Eric Walters,"Walters, Eric",,"=""0374355029""","=""9780374355029""",4,4.00,"Farrar, Straus and Giroux (BYR)",Hardcover,405,2014,2014,2022/06/06,2022/06/06,,,read,Idk why I just randomly wanted to reread this series but they’re still lowkey bangers fr,,,1,0
30319086,If We Were Villains,M.L. Rio,"Rio, M.L.",,"=""125009528X""","=""9781250095282""",5,4.09,Flatiron Books,Hardcover,354,2017,2017,2022/05/28,2022/05/28,,,read,Was a 4.25 until the end but maybe in the end a 4.5. Ngl predicted basically the back half of the book but not in a obvious way in like a satisfying way idk. If I was into Shakespeare and stuff I’m sure this book would be even better but I loved the characters tbh and the ending just wrapped stuff up really well I’m going to chose to view it in a optimistic way fr,,,1,0
50196744,Know My Name,Chanel Miller,"Miller, Chanel",,"=""0735223718""","=""9780735223714""",5,4.68,Viking,ebook,384,2019,2019,2022/05/22,2022/05/22,,,read,It's hard to say this was beautifully written when the subject matter was so serious but genuinely she conveyed her state of mind so expertly well. Everyone should know Chanel's story fr,,,1,0
43868109,Empire of Pain: The Secret History of the Sackler Dynasty,Patrick Radden Keefe,"Keefe, Patrick Radden",,"=""0385545681""","=""9780385545686""",5,4.54,Doubleday,Hardcover,535,2021,2021,2022/05/21,2022/05/06,,,read,4.5 took me so long to get through bc it was kinda long but it’s crazy how little I knew about this situation beforehand considering how important it is in modern history fr,,,1,0
29905580,"The Upstarts: How Uber, Airbnb, and the Killer Companies of the New Silicon Valley Are Changing the World",Brad Stone,"Stone, Brad",,"=""0593076354""","=""9780593076354""",0,4.04,Bantam Press,Paperback,384,2017,2017,,2022/05/16,to-read,to-read (#2),to-read,,,,0,0
57341045,"The Hunger of the Gods (The Bloodsworn Saga, #2)",John Gwynne,"Gwynne, John",,"=""0356514226""","=""9780356514222""",4,4.50,Orbit,Hardcover,633,2022,2022,2022/05/09,2022/05/09,,,read,"3.75 idk man I only actually really like one or two of the characters. It’s engaging like I couldn’t put it down somehow but at the same time I didn’t rally cars about the story, the magic feels really weird and doesn’t read that well tbh but orka is a girl boss so whatever ",,,1,0
49090884,Tender Is the Flesh,Agustina Bazterrica,"Bazterrica, Agustina",Sarah Moses,"=""""","=""""",2,3.77,Scribner,Paperback,209,2020,2017,2022/05/06,2022/05/06,,,read,"2.5, I know it was supposed to bring attention to factory farming and how little we care about animals or eugenic/racist practices of “other” humans being worthless and not human. But it was just so gross and the writing or other aspects didn’t really make up for it. Nobody was a good person or had any empathy or compassion. The only good part was the part about Icarus and that’s basically it.",,,1,0
52694527,"The Shadow of the Gods (The Bloodsworn Saga, #1)",John Gwynne,"Gwynne, John",,"=""0356514188""","=""9780356514185""",4,4.19,Orbit,Hardcover,480,2021,2021,2022/05/05,2022/05/05,,,read,"4.25, couldn’t put it down and I liked it a decent amount. Hard to get used to all the random new names for stuff and the ending was slightly predictable but lowkey a banger for sure",,,1,0
55338982,Cultish: The Language of Fanaticism,Amanda Montell,"Montell, Amanda",,"=""0062993151""","=""9780062993151""",5,3.81,Harper,Hardcover,309,2021,2021,2022/05/03,2022/04/26,,,read,Really interesting. Talks about how brainwashing isn’t really that possible and what drives people to not only join cults but obsess over more casual groups like soul cycle. Banger tbh,,,1,0
13578175,The Emperor's Soul,Brandon Sanderson,"Sanderson, Brandon",,"=""1616960922""","=""9781616960926""",5,4.37,Tachyon Publications,Paperback,175,2012,2012,2022/04/23,2022/04/23,,,read,Only a novella but whatever I’m counting it for my reading goal. Actually one of my fav stories ever I love it so much. Bit of a pacing issue but it can easily be ignored. it’s just so amazing the friendship development between the two main characters is great and Shai is a girl boss frfr. the ending is amazing too,,,1,0
54390506,A Brief History of Earth: Four Billion Years in Eight Chapters,Andrew H. Knoll,"Knoll, Andrew H.",,"=""0062853910""","=""9780062853912""",4,3.94,Custom House,Hardcover,272,2021,2021,2022/04/23,2022/04/23,,,read,"3.75, didn’t learn very much but I’m glad I read it, decently engaging read",,,1,0
37642030,The Hunting Party,Lucy Foley,"Foley, Lucy",,"=""0008297126""","=""9780008297121""",5,3.60,HarperCollins UK,Paperback,406,2019,2018,2022/04/18,2022/04/18,,,read,Was kinda heat. I like how complex all the characters always are but I acc despise most of them fr,,,1,0
30231817,The Illegal,Lawrence Hill,"Hill, Lawrence",,"=""0393353680""","=""9780393353686""",3,3.78,W. W. Norton & Company,Paperback,416,2017,2015,2022/04/12,2022/04/12,,,read,So unbelievable mid . Book club ,,,2,0
51933429,The Guest List,Lucy Foley,"Foley, Lucy",,"=""""","=""""",5,3.80,William Morrow,Hardcover,330,2020,2020,2022/04/11,2022/04/11,,,read,Banger tbh. Lowkey hated and liked most of the characters at one point or another ,,,1,0
18656827,"Hatching Twitter: A True Story of Money, Power, Friendship, and Betrayal",Nick Bilton,"Bilton, Nick",,"=""1591846013""","=""9781591846017""",0,4.04,Portfolio Hardcover,Hardcover,299,2013,2013,,2022/04/07,to-read,to-read (#1),to-read,,,,0,0
55457493,"The Man Who Died Twice (Thursday Murder Club, #2)",Richard Osman,"Osman, Richard",,"=""""","=""""",5,4.36,Penguin,Kindle Edition,422,2021,2021,2022/03/20,2022/03/20,,,read,4.5 again. It was just heat and I like the characters ,,,1,0
46000520,"The Thursday Murder Club (Thursday Murder Club, #1)",Richard Osman,"Osman, Richard",,"=""""","=""""",4,3.86,Penguin Books,Kindle Edition,382,2020,2020,2022/03/16,2022/03/16,,,read,4.5 ish. Elizebeth is a girl boss fr she’s a wild 80 year old. I predicated one major thing right and a decent amount of it wrong which I guess is the best way it can go. Was almost too many big reveals but I liked it a lot.,,,1,0
23604559,My Grandmother Asked Me to Tell You She's Sorry,Fredrik Backman,"Backman, Fredrik",Henning Koch,"=""1501115065""","=""9781501115066""",4,4.07,Atria Books,Hardcover,372,2015,2013,2022/03/14,2022/03/14,,,read,I liked it quite a bit. the characters were once again pretty amazing minus the main villain. Sadly not as good as anxious people bc that book went hard but still a pretty decent read.,,,1,0
53799686,Anxious People,Fredrik Backman,"Backman, Fredrik",Neil   Smith,"=""1982121602""","=""9781982121600""",5,4.17,Simon & Schuster Canada,Paperback,336,2020,2019,2022/03/13,2022/03/13,,,read,Literally so exceptional every character is so complex and realistic. Beautiful writing too it took my so long to finish but I think I just wanted to savour it for as long as possible,,,1,0
44074800,The Southern Book Club's Guide to Slaying Vampires,Grady Hendrix,"Hendrix, Grady",,"=""""","=""""",4,3.79,Quirk Books,Kindle Edition,410,2020,2020,2022/02/27,2022/02/27,,,read,Maybe a 4.5 . Just an overall crazy book idk what to say ,,,1,0
52439531,"The Inheritance Games (The Inheritance Games, #1)",Jennifer Lynn Barnes,"Barnes, Jennifer Lynn",,"=""1368052401""","=""9781368052405""",4,4.12,"Little, Brown Books for Young Readers",Hardcover,386,2020,2020,2022/02/21,2022/02/21,,,read,It was so engaging and I liked how stuff was revealed throughout the story instead of all at the end but parts of it were low key strange ,,,1,0
17332218,"Words of Radiance (The Stormlight Archive, #2)",Brandon Sanderson,"Sanderson, Brandon",,"=""0765326361""","=""9780765326362""",5,4.76,Tor Books,Hardcover,1088,2014,2014,2022/02/11,2022/02/11,,,read,Some of the dialogue and humour was so mid but it still went crazy ,,,1,0
37969723,"The Silence of the Girls (Women of Troy, #1)",Pat Barker,"Barker, Pat",,"=""""","=""""",4,3.89,Doubleday Books,Hardcover,325,2018,2018,2022/01/12,2022/01/12,,,read,Was interesting to see a different side of well known mythology. Pretty brutal to read some of those things tho.,,,1,0
7235533,"The Way of Kings (The Stormlight Archive, #1)",Brandon Sanderson,"Sanderson, Brandon",,"=""0765326353""","=""9780765326355""",5,4.66,Tor Books,Hardcover,1007,2010,2010,2022/01/23,2022/01/23,,,read,a 4.5 it has some weak dialogue in places and gets boring in others but the last 1/4 of the book is truly exceptional and makes up for all of the issues ,,,2,0
69571,"Rich Dad, Poor Dad",Robert T. Kiyosaki,"Kiyosaki, Robert T.",,"=""0751532711""","=""9780751532715""",2,4.09,Time Warner Books UK,Paperback,195,2001,1997,2022/01/23,2022/01/23,,,read,So mid I can’t believe everyone recommends this so much. Seems to blame a lot of people for their conditions and advocates for rich people not paying any taxes because they’re too smart ,,,1,0
1662160,Your Inner Fish: a Journey into the 3.5-Billion-Year History of the Human Body,Neil Shubin,"Shubin, Neil",,"=""0375424474""","=""9780375424472""",3,4.04,Pantheon,Hardcover,229,2008,2008,2022/01/05,2022/01/10,,,read,3.5 maybe? it was interesting at first but got slightly repetitive by the end glad I read it at least ,,,1,0
9361589,The Night Circus,Erin Morgenstern,"Morgenstern, Erin",,"=""""","=""9780385534635""",0,4.00,Doubleday,Hardcover,506,2011,2011,,2021/09/28,,,read,,,,1,0
375802,"Ender’s Game (Ender's Saga, #1)",Orson Scott Card,"Card, Orson Scott",,"=""0812550706""","=""9780812550702""",3,4.31,Tor,Mass Market Paperback,324,2004,1985,,2021/09/17,,,read,This book clearly ain’t age that well. Bro was using slurs way too casually for a grown ass man. The plot was semi interesting but why were they so young????  There’s no reason why a 10 year old would threaten to kill his 6 year old brother. And there’s no reason for 6 year olds to try and end each other’s lives either. Pretty wack but could be worse ,,,1,0
36329818,"Legendary (Caraval, #2)",Stephanie Garber,"Garber, Stephanie",,"=""125009531X""","=""9781250095312""",5,4.10,Flatiron Books,Hardcover,451,2018,2018,,2018/06/11,,,read,,,,1,0
27883214,"Caraval (Caraval, #1)",Stephanie Garber,"Garber, Stephanie",,"=""1250095255""","=""9781250095251""",5,3.97,Flatiron Books,Hardcover,407,2017,2016,,2018/06/11,,,read,,,,1,0
68428,"Mistborn: The Final Empire (Mistborn, #1)",Brandon Sanderson,"Sanderson, Brandon",,"=""""","=""9780765311788""",0,4.49,Tor Books,Hardcover,541,2006,2006,,2018/03/09,,,read,,,,1,0
28954189,"Scythe (Arc of a Scythe, #1)",Neal Shusterman,"Shusterman, Neal",,"=""""","=""""",0,4.32,Simon & Schuster Books for Young Readers,Hardcover,435,2016,2016,,2018/06/02,,,read,,,,1,0
4556058,"The Last Olympian (Percy Jackson and the Olympians, #5)",Rick Riordan,"Riordan, Rick",,"=""1423101472""","=""9781423101475""",4,4.55,Disney-Hyperion Books,Hardcover,381,2009,2009,,2018/02/27,,,read,,,,1,0
385742,"Gregor and the Prophecy of Bane (Underland Chronicles, #2)",Suzanne Collins,"Collins, Suzanne",,"=""0439650763""","=""9780439650762""",4,4.21,Scholastic Paperbacks,Paperback,312,2013,2004,,2018/02/27,,,read,,,,1,0
136251,"Harry Potter and the Deathly Hallows (Harry Potter, #7)",J.K. Rowling,"Rowling, J.K.",,"=""""","=""""",4,4.62,Arthur A. Levine Books,Hardcover,759,2007,2007,,2018/02/27,,,read,,,,1,0
15881,"Harry Potter and the Chamber of Secrets (Harry Potter, #2)",J.K. Rowling,"Rowling, J.K.",Mary GrandPré,"=""""","=""""",4,4.43,Arthur A. Levine Books,Hardcover,352,1999,1998,,2018/02/27,,,read,,,,1,0
12127750,"The Mark of Athena (The Heroes of Olympus, #3)",Rick Riordan,"Riordan, Rick",,"=""1423140605""","=""9781423140603""",4,4.47,Disney-Hyperion Books,Hardcover,586,2012,2012,,2018/02/27,,,read,,,,1,0
537070,"Gregor and the Code of Claw (Underland Chronicles, #5)",Suzanne Collins,"Collins, Suzanne",,"=""043979143X""","=""9780439791434""",4,4.32,Scholastic Press,Hardcover,412,2007,2007,,2018/02/27,,,read,,,,1,0
5,"Harry Potter and the Prisoner of Azkaban (Harry Potter, #3)",J.K. Rowling,"Rowling, J.K.",Mary GrandPré,"=""043965548X""","=""9780439655484""",4,4.58,Scholastic Inc.,Mass Market Paperback,547,2004,1999,,2018/02/27,,,read,,,,1,0
3,"Harry Potter and the Sorcerer's Stone (Harry Potter, #1)",J.K. Rowling,"Rowling, J.K.",,"=""0439554934""","=""9780439554930""",4,4.47,Scholastic Inc,Hardcover,309,2003,1997,,2018/02/27,,,read,,,,2,0
